<?xml version="1.0" encoding="UTF-8"?>
<project-private xmlns="http://www.netbeans.org/ns/project-private/1">
    <editor-bookmarks xmlns="http://www.netbeans.org/ns/editor-bookmarks/2" lastBookmarkId="0"/>
    <open-files xmlns="http://www.netbeans.org/ns/projectui-open-files/2">
        <group>
            <file>file:/C:/Users/Lenovo/Documents/NetBeansProjects/HealthServiceCalculator/src/java/com/cal/Client.java</file>
            <file>file:/C:/Users/Lenovo/Documents/NetBeansProjects/HealthServiceCalculator/web/WEB-INF/web.xml</file>
            <file>file:/C:/Users/Lenovo/Documents/NetBeansProjects/HealthServiceCalculator/web/css/style.css</file>
            <file>file:/C:/Users/Lenovo/Documents/NetBeansProjects/HealthServiceCalculator/web/bodyfat.jsp</file>
            <file>file:/C:/Users/Lenovo/Documents/NetBeansProjects/HealthServiceCalculator/src/java/com/health/calculator/HealthService.java</file>
            <file>file:/C:/Users/Lenovo/Documents/NetBeansProjects/HealthServiceCalculator/web/index.jsp</file>
            <file>file:/C:/Users/Lenovo/Documents/NetBeansProjects/HealthServiceCalculator/web/bmi.jsp</file>
            <file>file:/C:/Users/Lenovo/Documents/NetBeansProjects/HealthServiceCalculator/web/calories.jsp</file>
            <file>file:/C:/Users/Lenovo/Documents/NetBeansProjects/HealthServiceCalculator/web/steps.jsp</file>
            <file>file:/C:/Users/Lenovo/Documents/NetBeansProjects/HealthServiceCalculator/web/index.html</file>
            <file>file:/C:/Users/Lenovo/Documents/NetBeansProjects/HealthServiceCalculator/web/calculateage.jsp</file>
            <file>file:/C:/Users/Lenovo/Documents/NetBeansProjects/HealthServiceCalculator/src/java/com/health/calculator/HealthService_Service.java</file>
            <file>file:/C:/Users/Lenovo/Documents/NetBeansProjects/HealthServiceCalculator/web/userinfo.jsp</file>
            <file>file:/C:/Users/Lenovo/Documents/NetBeansProjects/HealthServiceCalculator/web/meal.jsp</file>
        </group>
    </open-files>
</project-private>
